timestamp,host,anomaly_score,adaptive_threshold,is_anomaly,top_attribution
2019-09-25T13:00:00,SysClient0075.systemia.com,0.36626145243644714,28.56949806213379,0,"('file', 0.0291728638112545)"
2019-09-25T13:00:00,SysClient0069.systemia.com,0.5825411081314087,28.56949806213379,0,"('network', 0.03690236806869507)"
2019-09-25T13:00:00,SysClient0068.systemia.com,6.057915210723877,28.56949806213379,0,"('file', 0.04993662238121033)"
2019-09-25T13:00:00,SysClient0066.systemia.com,0.49047747254371643,28.56949806213379,0,"('file', 0.03184100612998009)"
2019-09-25T13:00:00,SysClient0074.systemia.com,5.696478843688965,28.56949806213379,0,"('file', 0.049425672739744186)"
2019-09-25T13:00:00,SysClient0056.systemia.com,7.392845630645752,28.56949806213379,0,"('file', 0.051640309393405914)"
2019-09-25T13:00:00,SysClient0057.systemia.com,42.99188232421875,28.56949806213379,1,"('network', 0.05743332579731941)"
2019-09-25T13:00:00,SysClient0052.systemia.com,0.05463365837931633,28.56949806213379,0,"('network', 0.010400468483567238)"
2019-09-25T13:00:00,SysClient0065.systemia.com,2.723092794418335,28.56949806213379,0,"('file', 0.04395149275660515)"
2019-09-25T13:00:00,SysClient0054.systemia.com,4.464293003082275,28.56949806213379,0,"('file', 0.04751427844166756)"
2019-09-25T13:00:00,SysClient0061.systemia.com,4.898332595825195,28.56949806213379,0,"('file', 0.048229414969682693)"
2019-09-25T13:00:00,SysClient0058.systemia.com,5.13258171081543,28.56949806213379,0,"('file', 0.04859456792473793)"
2019-09-25T13:00:00,SysClient0072.systemia.com,7.095824241638184,28.56949806213379,0,"('file', 0.05128083378076553)"
2019-09-25T13:00:00,SysClient0071.systemia.com,4.059670925140381,28.56949806213379,0,"('file', 0.04680198058485985)"
2019-09-25T13:00:00,SysClient0059.systemia.com,11.728720664978027,28.56949806213379,0,"('network', 0.0472460500895977)"
2019-09-25T13:00:00,SysClient0062.systemia.com,1.5360585451126099,28.56949806213379,0,"('file', 0.04012981802225113)"
2019-09-25T13:00:00,SysClient0067.systemia.com,8.562148094177246,28.56949806213379,0,"('file', 0.054089855402708054)"
2019-09-25T13:00:00,SysClient0063.systemia.com,5.791065692901611,28.56949806213379,0,"('file', 0.04956516996026039)"
2019-09-25T13:00:00,SysClient0073.systemia.com,8.07131576538086,28.56949806213379,0,"('file', 0.052434127777814865)"
2019-09-25T13:00:00,SysClient0055.systemia.com,5.631820201873779,28.56949806213379,0,"('file', 0.04933685064315796)"
2019-09-25T13:00:00,SysClient0051.systemia.com,5.152946472167969,28.56949806213379,0,"('file', 0.04862384870648384)"
2019-09-25T13:00:00,SysClient0060.systemia.com,3.8445680141448975,28.56949806213379,0,"('file', 0.04639916867017746)"
2019-09-25T13:00:00,SysClient0053.systemia.com,7.190030097961426,28.56949806213379,0,"('file', 0.051394589245319366)"
2019-09-25T13:00:00,SysClient0064.systemia.com,2.7445271015167236,28.56949806213379,0,"('file', 0.04401220753788948)"
2019-09-25T13:00:00,SysClient0070.systemia.com,7.529964447021484,28.56949806213379,0,"('file', 0.051804862916469574)"
2019-09-25T13:15:00,SysClient0067.systemia.com,68.65898132324219,28.56949806213379,1,"('network', 0.06314661353826523)"
2019-09-25T13:15:00,SysClient0069.systemia.com,66.81676483154297,28.56949806213379,1,"('network', 0.06280538439750671)"
2019-09-25T13:15:00,SysClient0058.systemia.com,7.925808906555176,28.56949806213379,0,"('network', 0.04579215496778488)"
2019-09-25T13:15:00,SysClient0065.systemia.com,33.14336395263672,28.56949806213379,1,"('network', 0.0546935498714447)"
2019-09-25T13:15:00,SysClient0072.systemia.com,47.982505798339844,28.56949806213379,1,"('network', 0.05874846503138542)"
2019-09-25T13:15:00,SysClient0061.systemia.com,44.74309539794922,28.56949806213379,1,"('network', 0.05791734904050827)"
2019-09-25T13:15:00,SysClient0056.systemia.com,67.00889587402344,28.56949806213379,1,"('network', 0.06285060942173004)"
2019-09-25T13:15:00,SysClient0074.systemia.com,51.444828033447266,28.56949806213379,1,"('network', 0.05959371477365494)"
2019-09-25T13:15:00,SysClient0073.systemia.com,69.4783935546875,28.56949806213379,1,"('network', 0.06329775601625443)"
2019-09-25T13:15:00,SysClient0059.systemia.com,48.91790008544922,28.56949806213379,1,"('network', 0.05897814407944679)"
2019-09-25T13:15:00,SysClient0051.systemia.com,26.972402572631836,28.56949806213379,0,"('network', 0.05261911451816559)"
2019-09-25T13:15:00,SysClient0062.systemia.com,51.36903762817383,28.56949806213379,1,"('network', 0.05957832559943199)"
2019-09-25T13:15:00,SysClient0071.systemia.com,67.99321746826172,28.56949806213379,1,"('network', 0.06302426755428314)"
2019-09-25T13:15:00,SysClient0055.systemia.com,67.368408203125,28.56949806213379,1,"('network', 0.06290799379348755)"
2019-09-25T13:15:00,SysClient0052.systemia.com,25.384626388549805,28.56949806213379,0,"('network', 0.05205448716878891)"
2019-09-25T13:15:00,SysClient0075.systemia.com,67.15193939208984,28.56949806213379,1,"('network', 0.06287818402051926)"
2019-09-25T13:15:00,SysClient0066.systemia.com,24.609472274780273,28.56949806213379,0,"('network', 0.05172798037528992)"
2019-09-25T13:15:00,SysClient0054.systemia.com,43.07728958129883,28.56949806213379,1,"('network', 0.05746368691325188)"
2019-09-25T13:15:00,SysClient0070.systemia.com,16.367839813232422,28.56949806213379,0,"('network', 0.04874854534864426)"
2019-09-25T13:15:00,SysClient0068.systemia.com,34.536495208740234,28.56949806213379,1,"('network', 0.05513618513941765)"
2019-09-25T13:15:00,SysClient0053.systemia.com,0.30045387148857117,28.56949806213379,0,"('network', 0.03342092037200928)"
2019-09-25T13:15:00,SysClient0060.systemia.com,65.90758514404297,28.56949806213379,1,"('network', 0.06263762712478638)"
2019-09-25T13:15:00,SysClient0064.systemia.com,64.54182434082031,28.56949806213379,1,"('network', 0.06237926706671715)"
2019-09-25T13:15:00,SysClient0057.systemia.com,61.72460174560547,28.56949806213379,1,"('network', 0.06181764602661133)"
2019-09-25T13:15:00,SysClient0063.systemia.com,66.53538513183594,28.56949806213379,1,"('network', 0.06275752931833267)"
2019-09-25T13:30:00,SysClient0051.systemia.com,9.263973236083984,28.56949806213379,0,"('file', 0.056295834481716156)"
2019-09-25T13:30:00,SysClient0074.systemia.com,4.739023208618164,28.56949806213379,0,"('file', 0.04796052351593971)"
2019-09-25T13:30:00,SysClient0060.systemia.com,1.2615134716033936,28.56949806213379,0,"('file', 0.03879941999912262)"
2019-09-25T13:30:00,SysClient0072.systemia.com,3.778397560119629,28.56949806213379,0,"('file', 0.04625238478183746)"
2019-09-25T13:30:00,SysClient0053.systemia.com,9.67878246307373,28.56949806213379,0,"('file', 0.05754445120692253)"
2019-09-25T13:30:00,SysClient0070.systemia.com,8.491874694824219,28.56949806213379,0,"('file', 0.053844187408685684)"
2019-09-25T13:30:00,SysClient0058.systemia.com,7.708674430847168,28.56949806213379,0,"('file', 0.051996972411870956)"
2019-09-25T13:30:00,SysClient0063.systemia.com,0.27592307329177856,28.56949806213379,0,"('file', 0.026136105880141258)"
2019-09-25T13:30:00,SysClient0055.systemia.com,0.3611700236797333,28.56949806213379,0,"('network', 0.03441686928272247)"
2019-09-25T13:30:00,SysClient0061.systemia.com,0.259823739528656,28.56949806213379,0,"('network', 0.03222626820206642)"
2019-09-25T13:30:00,SysClient0062.systemia.com,2.399287223815918,28.56949806213379,0,"('file', 0.043083079159259796)"
2019-09-25T13:30:00,SysClient0056.systemia.com,5.040775299072266,28.56949806213379,0,"('file', 0.048439931124448776)"
2019-09-25T13:30:00,SysClient0052.systemia.com,9.56138801574707,28.56949806213379,0,"('file', 0.057194482535123825)"
2019-09-25T13:30:00,SysClient0066.systemia.com,6.066532611846924,28.56949806213379,0,"('file', 0.04993593320250511)"
2019-09-25T13:30:00,SysClient0059.systemia.com,1.0504050254821777,28.56949806213379,0,"('file', 0.03755836933851242)"
2019-09-25T13:30:00,SysClient0075.systemia.com,0.05621336027979851,28.56949806213379,0,"('process', 0.0)"
2019-09-25T13:30:00,SysClient0064.systemia.com,7.676982879638672,28.56949806213379,0,"('file', 0.05196370556950569)"
2019-09-25T13:30:00,SysClient0054.systemia.com,2.3094449043273926,28.56949806213379,0,"('file', 0.04282461851835251)"
2019-09-25T13:30:00,SysClient0057.systemia.com,4.913346290588379,28.56949806213379,0,"('file', 0.048234522342681885)"
2019-09-25T13:30:00,SysClient0065.systemia.com,10.56555461883545,28.56949806213379,0,"('network', 0.04683709517121315)"
2019-09-25T13:30:00,SysClient0068.systemia.com,3.9646711349487305,28.56949806213379,0,"('file', 0.046608421951532364)"
2019-09-25T13:30:00,SysClient0069.systemia.com,5.607095718383789,28.56949806213379,0,"('file', 0.04929792135953903)"
2019-09-25T13:30:00,SysClient0073.systemia.com,1.5772974491119385,28.56949806213379,0,"('file', 0.04029620811343193)"
2019-09-25T13:30:00,SysClient0067.systemia.com,1.1058673858642578,28.56949806213379,0,"('file', 0.037918221205472946)"
2019-09-25T13:30:00,SysClient0071.systemia.com,1.1651172637939453,28.56949806213379,0,"('file', 0.03827706351876259)"
2019-09-25T13:45:00,SysClient0060.systemia.com,3.8984036445617676,28.56949806213379,0,"('file', 0.04649374261498451)"
2019-09-25T13:45:00,SysClient0073.systemia.com,8.16865348815918,28.56949806213379,0,"('file', 0.05276123806834221)"
2019-09-25T13:45:00,SysClient0065.systemia.com,24.967144012451172,28.56949806213379,0,"('network', 0.05184679478406906)"
2019-09-25T13:45:00,SysClient0054.systemia.com,3.3035171031951904,28.56949806213379,0,"('file', 0.0452970527112484)"
2019-09-25T13:45:00,SysClient0055.systemia.com,10.40462589263916,28.56949806213379,0,"('network', 0.04676352068781853)"
2019-09-25T13:45:00,SysClient0067.systemia.com,6.865180969238281,28.56949806213379,0,"('file', 0.05098671466112137)"
2019-09-25T13:45:00,SysClient0075.systemia.com,10.252224922180176,28.56949806213379,0,"('file', 0.05909738689661026)"
2019-09-25T13:45:00,SysClient0061.systemia.com,1.7354912757873535,28.56949806213379,0,"('file', 0.040929920971393585)"
2019-09-25T13:45:00,SysClient0059.systemia.com,2.011608362197876,28.56949806213379,0,"('file', 0.041908491402864456)"
2019-09-25T13:45:00,SysClient0063.systemia.com,1.2518229484558105,28.56949806213379,0,"('file', 0.03875274211168289)"
2019-09-25T13:45:00,SysClient0074.systemia.com,9.555315017700195,28.56949806213379,0,"('file', 0.05718742311000824)"
2019-09-25T13:45:00,SysClient0070.systemia.com,6.727264404296875,28.56949806213379,0,"('file', 0.05081131309270859)"
2019-09-25T13:45:00,SysClient0056.systemia.com,7.173806190490723,28.56949806213379,0,"('file', 0.05136841535568237)"
2019-09-25T13:45:00,SysClient0051.systemia.com,8.70901870727539,28.56949806213379,0,"('file', 0.05456274375319481)"
2019-09-25T13:45:00,SysClient0069.systemia.com,10.069611549377441,28.56949806213379,0,"('file', 0.05863627418875694)"
2019-09-25T13:45:00,SysClient0071.systemia.com,6.449847221374512,28.56949806213379,0,"('file', 0.05045289173722267)"
2019-09-25T13:45:00,SysClient0072.systemia.com,7.402952671051025,28.56949806213379,0,"('file', 0.051645390689373016)"
2019-09-25T13:45:00,SysClient0058.systemia.com,7.338720798492432,28.56949806213379,0,"('file', 0.05157060548663139)"
2019-09-25T13:45:00,SysClient0064.systemia.com,8.797479629516602,28.56949806213379,0,"('file', 0.05484631285071373)"
2019-09-25T13:45:00,SysClient0057.systemia.com,4.516257286071777,28.56949806213379,0,"('file', 0.047597065567970276)"
2019-09-25T13:45:00,SysClient0066.systemia.com,9.287201881408691,28.56949806213379,0,"('file', 0.056378621608018875)"
2019-09-25T13:45:00,SysClient0053.systemia.com,8.198697090148926,28.56949806213379,0,"('file', 0.052863288670778275)"
2019-09-25T13:45:00,SysClient0068.systemia.com,9.63489055633545,28.56949806213379,0,"('file', 0.05742097645998001)"
2019-09-25T13:45:00,SysClient0052.systemia.com,6.847083568572998,28.56949806213379,0,"('file', 0.050966691225767136)"
2019-09-25T13:45:00,SysClient0062.systemia.com,5.5465593338012695,28.56949806213379,0,"('file', 0.049207255244255066)"
2019-09-25T14:00:00,SysClient0058.systemia.com,11.798933029174805,28.56949806213379,0,"('file', 0.06276366114616394)"
2019-09-25T14:00:00,SysClient0067.systemia.com,12.08053207397461,28.56949806213379,0,"('file', 0.06381864845752716)"
2019-09-25T14:00:00,SysClient0064.systemia.com,11.47314167022705,28.56949806213379,0,"('file', 0.0620194673538208)"
2019-09-25T14:00:00,SysClient0074.systemia.com,9.937780380249023,28.56949806213379,0,"('file', 0.058298930525779724)"
2019-09-25T14:00:00,SysClient0053.systemia.com,12.677543640136719,28.56949806213379,0,"('file', 0.066220223903656)"
2019-09-25T14:00:00,SysClient0055.systemia.com,1.3828060626983643,28.56949806213379,0,"('network', 0.04039057716727257)"
2019-09-25T14:00:00,SysClient0051.systemia.com,10.552218437194824,28.56949806213379,0,"('file', 0.05983546003699303)"
2019-09-25T14:00:00,SysClient0072.systemia.com,12.421222686767578,28.56949806213379,0,"('file', 0.0651978999376297)"
2019-09-25T14:00:00,SysClient0068.systemia.com,9.410043716430664,28.56949806213379,0,"('file', 0.05674811825156212)"
2019-09-25T14:00:00,SysClient0075.systemia.com,5.568192958831787,28.56949806213379,0,"('file', 0.04923918470740318)"
2019-09-25T14:00:00,SysClient0059.systemia.com,9.137480735778809,28.56949806213379,0,"('file', 0.055916134268045425)"
2019-09-25T14:00:00,SysClient0052.systemia.com,12.869039535522461,28.56949806213379,0,"('file', 0.06697272509336472)"
2019-09-25T14:00:00,SysClient0070.systemia.com,11.156105041503906,28.56949806213379,0,"('file', 0.06128287687897682)"
2019-09-25T14:00:00,SysClient0065.systemia.com,14.778276443481445,28.56949806213379,0,"('network', 0.04824896529316902)"
2019-09-25T14:00:00,SysClient0062.systemia.com,5.385720729827881,28.56949806213379,0,"('network', 0.044457025825977325)"
2019-09-25T14:00:00,SysClient0054.systemia.com,11.461685180664062,28.56949806213379,0,"('file', 0.061994753777980804)"
2019-09-25T14:00:00,SysClient0066.systemia.com,11.218547821044922,28.56949806213379,0,"('file', 0.061427295207977295)"
2019-09-25T14:00:00,SysClient0073.systemia.com,9.986827850341797,28.56949806213379,0,"('file', 0.058426763862371445)"
2019-09-25T14:00:00,SysClient0060.systemia.com,8.930397033691406,28.56949806213379,0,"('file', 0.05526849254965782)"
2019-09-25T14:00:00,SysClient0069.systemia.com,9.88554573059082,28.56949806213379,0,"('file', 0.058153584599494934)"
2019-09-25T14:00:00,SysClient0056.systemia.com,10.835746765136719,28.56949806213379,0,"('file', 0.06052373722195625)"
2019-09-25T14:00:00,SysClient0063.systemia.com,9.283629417419434,28.56949806213379,0,"('file', 0.05636497959494591)"
2019-09-25T14:00:00,SysClient0061.systemia.com,15.353919982910156,28.56949806213379,0,"('network', 0.04842685908079147)"
2019-09-25T14:00:00,SysClient0071.systemia.com,11.201173782348633,28.56949806213379,0,"('file', 0.06138903647661209)"
2019-09-25T14:00:00,SysClient0057.systemia.com,12.026116371154785,28.56949806213379,0,"('file', 0.06344833225011826)"
2019-09-25T14:15:00,SysClient0058.systemia.com,11.283699035644531,28.56949806213379,0,"('file', 0.06158194690942764)"
2019-09-25T14:15:00,SysClient0071.systemia.com,11.459933280944824,28.56949806213379,0,"('file', 0.06198809668421745)"
2019-09-25T14:15:00,SysClient0057.systemia.com,10.006306648254395,28.56949806213379,0,"('file', 0.058475807309150696)"
2019-09-25T14:15:00,SysClient0067.systemia.com,11.772743225097656,28.56949806213379,0,"('file', 0.06270453333854675)"
2019-09-25T14:15:00,SysClient0073.systemia.com,12.088335990905762,28.56949806213379,0,"('file', 0.0638432651758194)"
2019-09-25T14:15:00,SysClient0053.systemia.com,12.092177391052246,28.56949806213379,0,"('file', 0.06386683136224747)"
2019-09-25T14:15:00,SysClient0066.systemia.com,10.991503715515137,28.56949806213379,0,"('file', 0.06089363619685173)"
2019-09-25T14:15:00,SysClient0063.systemia.com,7.656081676483154,28.56949806213379,0,"('file', 0.051945414394140244)"
2019-09-25T14:15:00,SysClient0052.systemia.com,13.627519607543945,28.56949806213379,0,"('file', 0.0698540136218071)"
2019-09-25T14:15:00,SysClient0075.systemia.com,10.157360076904297,28.56949806213379,0,"('file', 0.058851175010204315)"
2019-09-25T14:15:00,SysClient0074.systemia.com,11.460195541381836,28.56949806213379,0,"('file', 0.061987683176994324)"
2019-09-25T14:15:00,SysClient0065.systemia.com,4.474749565124512,28.56949806213379,0,"('network', 0.043874356895685196)"
2019-09-25T14:15:00,SysClient0061.systemia.com,3.125976324081421,28.56949806213379,0,"('file', 0.044898200780153275)"
2019-09-25T14:15:00,SysClient0051.systemia.com,5.994687557220459,28.56949806213379,0,"('file', 0.04982861131429672)"
2019-09-25T14:15:00,SysClient0064.systemia.com,11.784668922424316,28.56949806213379,0,"('file', 0.06272843480110168)"
2019-09-25T14:15:00,SysClient0055.systemia.com,0.6726466417312622,28.56949806213379,0,"('file', 0.03436039388179779)"
2019-09-25T14:15:00,SysClient0072.systemia.com,10.776782035827637,28.56949806213379,0,"('file', 0.060375843197107315)"
2019-09-25T14:15:00,SysClient0070.systemia.com,11.238336563110352,28.56949806213379,0,"('file', 0.06147545948624611)"
2019-09-25T14:15:00,SysClient0060.systemia.com,9.406559944152832,28.56949806213379,0,"('file', 0.05673316866159439)"
2019-09-25T14:15:00,SysClient0069.systemia.com,11.042400360107422,28.56949806213379,0,"('file', 0.061014093458652496)"
2019-09-25T14:15:00,SysClient0056.systemia.com,8.892285346984863,28.56949806213379,0,"('file', 0.05514583736658096)"
2019-09-25T14:15:00,SysClient0059.systemia.com,7.855911731719971,28.56949806213379,0,"('file', 0.052175529301166534)"
2019-09-25T14:15:00,SysClient0068.systemia.com,11.991514205932617,28.56949806213379,0,"('file', 0.06345120817422867)"
2019-09-25T14:15:00,SysClient0054.systemia.com,8.920441627502441,28.56949806213379,0,"('file', 0.055232372134923935)"
2019-09-25T14:15:00,SysClient0062.systemia.com,11.839658737182617,28.56949806213379,0,"('file', 0.06285324692726135)"
2019-09-25T14:30:00,SysClient0051.systemia.com,11.492446899414062,28.56949806213379,0,"('file', 0.06206579506397247)"
2019-09-25T14:30:00,SysClient0064.systemia.com,11.363744735717773,28.56949806213379,0,"('file', 0.06176457554101944)"
2019-09-25T14:30:00,SysClient0067.systemia.com,11.099369049072266,28.56949806213379,0,"('file', 0.061148751527071)"
2019-09-25T14:30:00,SysClient0059.systemia.com,7.5589375495910645,28.56949806213379,0,"('file', 0.05183111131191254)"
2019-09-25T14:30:00,SysClient0074.systemia.com,11.222289085388184,28.56949806213379,0,"('file', 0.061439938843250275)"
2019-09-25T14:30:00,SysClient0073.systemia.com,10.84262752532959,28.56949806213379,0,"('file', 0.060539502650499344)"
2019-09-25T14:30:00,SysClient0066.systemia.com,11.854864120483398,28.56949806213379,0,"('file', 0.06289071589708328)"
2019-09-25T14:30:00,SysClient0053.systemia.com,11.357017517089844,28.56949806213379,0,"('file', 0.06175099313259125)"
2019-09-25T14:30:00,SysClient0063.systemia.com,5.864617824554443,28.56949806213379,0,"('file', 0.049662310630083084)"
2019-09-25T14:30:00,SysClient0071.systemia.com,10.766206741333008,28.56949806213379,0,"('file', 0.06035565212368965)"
2019-09-25T14:30:00,SysClient0072.systemia.com,10.80607795715332,28.56949806213379,0,"('file', 0.060451850295066833)"
2019-09-25T14:30:00,SysClient0069.systemia.com,10.46381664276123,28.56949806213379,0,"('file', 0.059618450701236725)"
2019-09-25T14:30:00,SysClient0060.systemia.com,6.312721252441406,28.56949806213379,0,"('file', 0.05027523636817932)"
2019-09-25T14:30:00,SysClient0058.systemia.com,10.848173141479492,28.56949806213379,0,"('file', 0.06054655835032463)"
2019-09-25T14:30:00,SysClient0057.systemia.com,9.407696723937988,28.56949806213379,0,"('file', 0.056737229228019714)"
2019-09-25T14:30:00,SysClient0065.systemia.com,5.664335250854492,28.56949806213379,0,"('network', 0.04462418332695961)"
2019-09-25T14:30:00,SysClient0075.systemia.com,10.02009391784668,28.56949806213379,0,"('file', 0.0585143007338047)"
2019-09-25T14:30:00,SysClient0070.systemia.com,10.812433242797852,28.56949806213379,0,"('file', 0.060465190559625626)"
2019-09-25T14:30:00,SysClient0052.systemia.com,10.755327224731445,28.56949806213379,0,"('file', 0.06032717600464821)"
2019-09-25T14:30:00,SysClient0062.systemia.com,12.09850025177002,28.56949806213379,0,"('file', 0.06389191746711731)"
2019-09-25T14:30:00,SysClient0056.systemia.com,10.251408576965332,28.56949806213379,0,"('file', 0.059092581272125244)"
2019-09-25T14:30:00,SysClient0054.systemia.com,10.744121551513672,28.56949806213379,0,"('file', 0.060304004698991776)"
2019-09-25T14:30:00,SysClient0068.systemia.com,10.617011070251465,28.56949806213379,0,"('file', 0.05999274551868439)"
2019-09-25T14:30:00,SysClient0055.systemia.com,4.018646240234375,28.56949806213379,0,"('file', 0.0467204786837101)"
2019-09-25T14:30:00,SysClient0061.systemia.com,2.234703779220581,28.56949806213379,0,"('file', 0.04261113703250885)"
2019-09-25T14:45:00,SysClient0073.systemia.com,11.089446067810059,28.56949806213379,0,"('file', 0.06112324446439743)"
2019-09-25T14:45:00,SysClient0051.systemia.com,9.13688850402832,28.56949806213379,0,"('file', 0.055859748274087906)"
2019-09-25T14:45:00,SysClient0064.systemia.com,5.586239814758301,28.56949806213379,0,"('file', 0.04926310479640961)"
2019-09-25T14:45:00,SysClient0062.systemia.com,11.103414535522461,28.56949806213379,0,"('file', 0.06115622818470001)"
2019-09-25T14:45:00,SysClient0060.systemia.com,8.930304527282715,28.56949806213379,0,"('file', 0.055264223366975784)"
2019-09-25T14:45:00,SysClient0072.systemia.com,10.932454109191895,28.56949806213379,0,"('file', 0.06075141578912735)"
2019-09-25T14:45:00,SysClient0052.systemia.com,3.461785078048706,28.56949806213379,0,"('file', 0.04562857002019882)"
2019-09-25T14:45:00,SysClient0065.systemia.com,6.5220947265625,28.56949806213379,0,"('network', 0.04506663605570793)"
2019-09-25T14:45:00,SysClient0066.systemia.com,5.652106761932373,28.56949806213379,0,"('file', 0.04936014860868454)"
2019-09-25T14:45:00,SysClient0075.systemia.com,5.680185317993164,28.56949806213379,0,"('file', 0.04939951002597809)"
2019-09-25T14:45:00,SysClient0053.systemia.com,6.944173812866211,28.56949806213379,0,"('file', 0.0509837307035923)"
2019-09-25T14:45:00,SysClient0070.systemia.com,10.613031387329102,28.56949806213379,0,"('file', 0.05998004227876663)"
2019-09-25T14:45:00,SysClient0067.systemia.com,6.452444076538086,28.56949806213379,0,"('file', 0.05045140162110329)"
2019-09-25T14:45:00,SysClient0063.systemia.com,7.023610591888428,28.56949806213379,0,"('file', 0.05118202045559883)"
2019-09-25T14:45:00,SysClient0074.systemia.com,2.126070499420166,28.56949806213379,0,"('file', 0.04227131977677345)"
2019-09-25T14:45:00,SysClient0056.systemia.com,3.9591779708862305,28.56949806213379,0,"('file', 0.04648543521761894)"
2019-09-25T14:45:00,SysClient0059.systemia.com,2.64973783493042,28.56949806213379,0,"('file', 0.04363729804754257)"
2019-09-25T14:45:00,SysClient0071.systemia.com,7.775704860687256,28.56949806213379,0,"('file', 0.052081357687711716)"
2019-09-25T14:45:00,SysClient0058.systemia.com,7.240706443786621,28.56949806213379,0,"('file', 0.05136331543326378)"
2019-09-25T14:45:00,SysClient0057.systemia.com,2.5951991081237793,28.56949806213379,0,"('file', 0.043616943061351776)"
2019-09-25T14:45:00,SysClient0069.systemia.com,7.982405662536621,28.56949806213379,0,"('file', 0.052319057285785675)"
2019-09-25T14:45:00,SysClient0054.systemia.com,4.50732421875,28.56949806213379,0,"('file', 0.04745190963149071)"
2019-09-25T14:45:00,SysClient0068.systemia.com,7.405825138092041,28.56949806213379,0,"('file', 0.05164778605103493)"
2019-09-25T14:45:00,SysClient0061.systemia.com,1.727123498916626,28.56949806213379,0,"('file', 0.040893733501434326)"
2019-09-25T14:45:00,SysClient0055.systemia.com,1.576892614364624,28.56949806213379,0,"('file', 0.040094584226608276)"
2019-09-25T15:00:00,SysClient0051.systemia.com,2.3598198890686035,28.56949806213379,0,"('file', 0.042965758591890335)"
2019-09-25T15:00:00,SysClient0067.systemia.com,8.073261260986328,28.56949806213379,0,"('file', 0.05243176966905594)"
2019-09-25T15:00:00,SysClient0065.systemia.com,4.213357925415039,28.56949806213379,0,"('network', 0.04369375482201576)"
2019-09-25T15:00:00,SysClient0074.systemia.com,11.111478805541992,28.56949806213379,0,"('file', 0.06117593124508858)"
2019-09-25T15:00:00,SysClient0060.systemia.com,1.3078962564468384,28.56949806213379,0,"('file', 0.039045531302690506)"
2019-09-25T15:00:00,SysClient0064.systemia.com,11.306702613830566,28.56949806213379,0,"('file', 0.061633650213479996)"
2019-09-25T15:00:00,SysClient0059.systemia.com,6.0208306312561035,28.56949806213379,0,"('file', 0.049878571182489395)"
2019-09-25T15:00:00,SysClient0058.systemia.com,8.136356353759766,28.56949806213379,0,"('file', 0.05265066400170326)"
2019-09-25T15:00:00,SysClient0072.systemia.com,8.787841796875,28.56949806213379,0,"('file', 0.05481410399079323)"
2019-09-25T15:00:00,SysClient0071.systemia.com,5.792003631591797,28.56949806213379,0,"('file', 0.04955842345952988)"
2019-09-25T15:00:00,SysClient0073.systemia.com,3.3565168380737305,28.56949806213379,0,"('file', 0.04540908336639404)"
2019-09-25T15:00:00,SysClient0069.systemia.com,6.876452922821045,28.56949806213379,0,"('file', 0.05100046470761299)"
2019-09-25T15:00:00,SysClient0053.systemia.com,8.154205322265625,28.56949806213379,0,"('file', 0.05271361768245697)"
2019-09-25T15:00:00,SysClient0070.systemia.com,5.893334865570068,28.56949806213379,0,"('file', 0.04969962686300278)"
2019-09-25T15:00:00,SysClient0057.systemia.com,10.943026542663574,28.56949806213379,0,"('file', 0.060780055820941925)"
2019-09-25T15:00:00,SysClient0063.systemia.com,0.7568396329879761,28.56949806213379,0,"('file', 0.03524865582585335)"
2019-09-25T15:00:00,SysClient0066.systemia.com,10.154565811157227,28.56949806213379,0,"('file', 0.058849405497312546)"
2019-09-25T15:00:00,SysClient0056.systemia.com,4.636987686157227,28.56949806213379,0,"('file', 0.047796349972486496)"
2019-09-25T15:00:00,SysClient0062.systemia.com,5.660924911499023,28.56949806213379,0,"('file', 0.049372345209121704)"
2019-09-25T15:00:00,SysClient0052.systemia.com,10.930129051208496,28.56949806213379,0,"('file', 0.06074817478656769)"
2019-09-25T15:00:00,SysClient0075.systemia.com,10.654191970825195,28.56949806213379,0,"('file', 0.06008521467447281)"
2019-09-25T15:00:00,SysClient0055.systemia.com,5.257323265075684,28.56949806213379,0,"('file', 0.048780836164951324)"
2019-09-25T15:00:00,SysClient0061.systemia.com,0.08531451970338821,28.56949806213379,0,"('file', 0.0030572889372706413)"
2019-09-25T15:00:00,SysClient0054.systemia.com,10.390877723693848,28.56949806213379,0,"('file', 0.05944041162729263)"
2019-09-25T15:00:00,SysClient0068.systemia.com,11.11604118347168,28.56949806213379,0,"('file', 0.0611899234354496)"
2019-09-25T15:15:00,SysClient0060.systemia.com,9.116652488708496,28.56949806213379,0,"('file', 0.0558469258248806)"
2019-09-25T15:15:00,SysClient0075.systemia.com,8.198870658874512,28.56949806213379,0,"('file', 0.052855219691991806)"
2019-09-25T15:15:00,SysClient0073.systemia.com,12.456329345703125,28.56949806213379,0,"('file', 0.06533288955688477)"
2019-09-25T15:15:00,SysClient0067.systemia.com,12.26683521270752,28.56949806213379,0,"('file', 0.06457949429750443)"
2019-09-25T15:15:00,SysClient0069.systemia.com,12.239293098449707,28.56949806213379,0,"('file', 0.06446660310029984)"
2019-09-25T15:15:00,SysClient0055.systemia.com,0.1603071689605713,28.56949806213379,0,"('network', 0.02806684374809265)"
2019-09-25T15:15:00,SysClient0056.systemia.com,10.742701530456543,28.56949806213379,0,"('file', 0.06029907986521721)"
2019-09-25T15:15:00,SysClient0072.systemia.com,7.159540176391602,28.56949806213379,0,"('file', 0.051345959305763245)"
2019-09-25T15:15:00,SysClient0062.systemia.com,9.601792335510254,28.56949806213379,0,"('file', 0.05731717497110367)"
2019-09-25T15:15:00,SysClient0068.systemia.com,7.362860679626465,28.56949806213379,0,"('file', 0.05159689858555794)"
2019-09-25T15:15:00,SysClient0071.systemia.com,11.327533721923828,28.56949806213379,0,"('file', 0.0616832971572876)"
2019-09-25T15:15:00,SysClient0070.systemia.com,8.707789421081543,28.56949806213379,0,"('file', 0.054555412381887436)"
2019-09-25T15:15:00,SysClient0065.systemia.com,4.34944486618042,28.56949806213379,0,"('network', 0.04378480091691017)"
2019-09-25T15:15:00,SysClient0063.systemia.com,7.2396979331970215,28.56949806213379,0,"('file', 0.051446642726659775)"
2019-09-25T15:15:00,SysClient0058.systemia.com,12.441225051879883,28.56949806213379,0,"('file', 0.06528067588806152)"
2019-09-25T15:15:00,SysClient0051.systemia.com,14.20215129852295,28.56949806213379,0,"('file', 0.07196281850337982)"
2019-09-25T15:15:00,SysClient0064.systemia.com,8.199108123779297,28.56949806213379,0,"('file', 0.05286235362291336)"
2019-09-25T15:15:00,SysClient0074.systemia.com,12.168078422546387,28.56949806213379,0,"('file', 0.06416905671358109)"
2019-09-25T15:15:00,SysClient0059.systemia.com,8.671697616577148,28.56949806213379,0,"('file', 0.054435644298791885)"
2019-09-25T15:15:00,SysClient0053.systemia.com,12.370429039001465,28.56949806213379,0,"('file', 0.06499550491571426)"
2019-09-25T15:15:00,SysClient0057.systemia.com,9.68943977355957,28.56949806213379,0,"('file', 0.05758314207196236)"
2019-09-25T15:15:00,SysClient0066.systemia.com,7.871600151062012,28.56949806213379,0,"('file', 0.052192799746990204)"
2019-09-25T15:15:00,SysClient0061.systemia.com,3.5458295345306396,28.56949806213379,0,"('file', 0.04580008238554001)"
2019-09-25T15:15:00,SysClient0054.systemia.com,6.932571887969971,28.56949806213379,0,"('file', 0.05106789246201515)"
2019-09-25T15:15:00,SysClient0052.systemia.com,11.780872344970703,28.56949806213379,0,"('file', 0.06271989643573761)"
2019-09-25T15:30:00,SysClient0063.systemia.com,4.887669086456299,28.56949806213379,0,"('file', 0.04820704460144043)"
2019-09-25T15:30:00,SysClient0074.systemia.com,10.698320388793945,28.56949806213379,0,"('file', 0.06019345670938492)"
2019-09-25T15:30:00,SysClient0072.systemia.com,11.087381362915039,28.56949806213379,0,"('file', 0.061122871935367584)"
2019-09-25T15:30:00,SysClient0075.systemia.com,10.1319580078125,28.56949806213379,0,"('file', 0.05879480391740799)"
2019-09-25T15:30:00,SysClient0073.systemia.com,11.62557601928711,28.56949806213379,0,"('file', 0.06237075477838516)"
2019-09-25T15:30:00,SysClient0056.systemia.com,10.320727348327637,28.56949806213379,0,"('file', 0.059265099465847015)"
2019-09-25T15:30:00,SysClient0067.systemia.com,11.102996826171875,28.56949806213379,0,"('file', 0.061156850308179855)"
2019-09-25T15:30:00,SysClient0060.systemia.com,8.257723808288574,28.56949806213379,0,"('file', 0.053068146109580994)"
2019-09-25T15:30:00,SysClient0055.systemia.com,5.113958358764648,28.56949806213379,0,"('file', 0.04856114089488983)"
2019-09-25T15:30:00,SysClient0054.systemia.com,10.648822784423828,28.56949806213379,0,"('file', 0.06007174775004387)"
2019-09-25T15:30:00,SysClient0059.systemia.com,5.054957389831543,28.56949806213379,0,"('file', 0.04846794903278351)"
2019-09-25T15:30:00,SysClient0069.systemia.com,4.699143886566162,28.56949806213379,0,"('network', 0.04403389245271683)"
2019-09-25T15:30:00,SysClient0058.systemia.com,10.816542625427246,28.56949806213379,0,"('file', 0.06046965345740318)"
2019-09-25T15:30:00,SysClient0070.systemia.com,11.366665840148926,28.56949806213379,0,"('file', 0.06177287548780441)"
2019-09-25T15:30:00,SysClient0061.systemia.com,1.7681477069854736,28.56949806213379,0,"('file', 0.041050247848033905)"
2019-09-25T15:30:00,SysClient0064.systemia.com,11.254033088684082,28.56949806213379,0,"('file', 0.06144323945045471)"
2019-09-25T15:30:00,SysClient0066.systemia.com,10.872659683227539,28.56949806213379,0,"('file', 0.060609154403209686)"
2019-09-25T15:30:00,SysClient0068.systemia.com,10.917749404907227,28.56949806213379,0,"('file', 0.06071718409657478)"
2019-09-25T15:30:00,SysClient0051.systemia.com,11.371142387390137,28.56949806213379,0,"('file', 0.06178617477416992)"
2019-09-25T15:30:00,SysClient0071.systemia.com,10.652271270751953,28.56949806213379,0,"('file', 0.060080330818891525)"
2019-09-25T15:30:00,SysClient0053.systemia.com,11.332314491271973,28.56949806213379,0,"('file', 0.06169368699193001)"
2019-09-25T15:30:00,SysClient0065.systemia.com,6.609667778015137,28.56949806213379,0,"('network', 0.04511803388595581)"
2019-09-25T15:30:00,SysClient0052.systemia.com,5.419249057769775,28.56949806213379,0,"('network', 0.04463636875152588)"
2019-09-25T15:30:00,SysClient0057.systemia.com,9.260828971862793,28.56949806213379,0,"('file', 0.056288257241249084)"
2019-09-25T15:30:00,SysClient0062.systemia.com,11.815921783447266,28.56949806213379,0,"('file', 0.0628039613366127)"
2019-09-25T15:45:00,SysClient0054.systemia.com,9.43183422088623,28.56949806213379,0,"('file', 0.056812968105077744)"
2019-09-25T15:45:00,SysClient0069.systemia.com,11.70995044708252,28.56949806213379,0,"('file', 0.06244142726063728)"
2019-09-25T15:45:00,SysClient0067.systemia.com,11.215536117553711,28.56949806213379,0,"('file', 0.061294082552194595)"
2019-09-25T15:45:00,SysClient0068.systemia.com,10.146355628967285,28.56949806213379,0,"('file', 0.05872533470392227)"
2019-09-25T15:45:00,SysClient0060.systemia.com,6.490116596221924,28.56949806213379,0,"('network', 0.04543541371822357)"
2019-09-25T15:45:00,SysClient0071.systemia.com,10.985052108764648,28.56949806213379,0,"('file', 0.060758210718631744)"
2019-09-25T15:45:00,SysClient0061.systemia.com,2.660399913787842,28.56949806213379,0,"('file', 0.04365944862365723)"
2019-09-25T15:45:00,SysClient0073.systemia.com,10.305442810058594,28.56949806213379,0,"('file', 0.059100233018398285)"
2019-09-25T15:45:00,SysClient0056.systemia.com,8.660547256469727,28.56949806213379,0,"('file', 0.05439760535955429)"
2019-09-25T15:45:00,SysClient0072.systemia.com,11.947294235229492,28.56949806213379,0,"('file', 0.0630253404378891)"
2019-09-25T15:45:00,SysClient0055.systemia.com,2.0247926712036133,28.56949806213379,0,"('file', 0.04195079952478409)"
2019-09-25T15:45:00,SysClient0063.systemia.com,8.317666053771973,28.56949806213379,0,"('file', 0.05309978500008583)"
2019-09-25T15:45:00,SysClient0075.systemia.com,6.461655616760254,28.56949806213379,0,"('file', 0.050376806408166885)"
2019-09-25T15:45:00,SysClient0070.systemia.com,11.372097969055176,28.56949806213379,0,"('file', 0.06166629120707512)"
2019-09-25T15:45:00,SysClient0051.systemia.com,11.785623550415039,28.56949806213379,0,"('file', 0.06273534148931503)"
2019-09-25T15:45:00,SysClient0058.systemia.com,11.515756607055664,28.56949806213379,0,"('file', 0.06211970001459122)"
2019-09-25T15:45:00,SysClient0064.systemia.com,10.722112655639648,28.56949806213379,0,"('file', 0.060251131653785706)"
2019-09-25T15:45:00,SysClient0059.systemia.com,8.11514949798584,28.56949806213379,0,"('file', 0.05257858335971832)"
2019-09-25T15:45:00,SysClient0074.systemia.com,10.177305221557617,28.56949806213379,0,"('file', 0.058790210634469986)"
2019-09-25T15:45:00,SysClient0053.systemia.com,11.094663619995117,28.56949806213379,0,"('file', 0.06113482266664505)"
2019-09-25T15:45:00,SysClient0057.systemia.com,10.7437744140625,28.56949806213379,0,"('file', 0.0603017620742321)"
2019-09-25T15:45:00,SysClient0065.systemia.com,2.1038310527801514,28.56949806213379,0,"('network', 0.042238589376211166)"
2019-09-25T15:45:00,SysClient0066.systemia.com,10.420855522155762,28.56949806213379,0,"('file', 0.05940171331167221)"
2019-09-25T15:45:00,SysClient0062.systemia.com,10.924808502197266,28.56949806213379,0,"('file', 0.06061630696058273)"
2019-09-25T15:45:00,SysClient0052.systemia.com,10.64762020111084,28.56949806213379,0,"('file', 0.060070618987083435)"
2019-09-25T16:00:00,SysClient0066.systemia.com,10.240972518920898,28.56949806213379,0,"('file', 0.059065524488687515)"
2019-09-25T16:00:00,SysClient0064.systemia.com,11.070018768310547,28.56949806213379,0,"('file', 0.06108171120285988)"
2019-09-25T16:00:00,SysClient0073.systemia.com,11.218509674072266,28.56949806213379,0,"('file', 0.061429861932992935)"
2019-09-25T16:00:00,SysClient0051.systemia.com,11.269740104675293,28.56949806213379,0,"('file', 0.061548277735710144)"
2019-09-25T16:00:00,SysClient0067.systemia.com,10.741558074951172,28.56949806213379,0,"('file', 0.06029774993658066)"
2019-09-25T16:00:00,SysClient0074.systemia.com,10.719395637512207,28.56949806213379,0,"('file', 0.06023874506354332)"
2019-09-25T16:00:00,SysClient0068.systemia.com,10.430790901184082,28.56949806213379,0,"('file', 0.059538859874010086)"
2019-09-25T16:00:00,SysClient0075.systemia.com,10.945795059204102,28.56949806213379,0,"('file', 0.06078634038567543)"
2019-09-25T16:00:00,SysClient0063.systemia.com,5.309494972229004,28.56949806213379,0,"('file', 0.048860203474760056)"
2019-09-25T16:00:00,SysClient0069.systemia.com,9.981091499328613,28.56949806213379,0,"('file', 0.05841515585780144)"
2019-09-25T16:00:00,SysClient0060.systemia.com,8.504398345947266,28.56949806213379,0,"('file', 0.0538933165371418)"
2019-09-25T16:00:00,SysClient0061.systemia.com,1.107914924621582,28.56949806213379,0,"('file', 0.03793514147400856)"
2019-09-25T16:00:00,SysClient0059.systemia.com,9.622995376586914,28.56949806213379,0,"('file', 0.057387951761484146)"
2019-09-25T16:00:00,SysClient0054.systemia.com,10.189891815185547,28.56949806213379,0,"('file', 0.05894073471426964)"
2019-09-25T16:00:00,SysClient0071.systemia.com,10.456464767456055,28.56949806213379,0,"('file', 0.059603024274110794)"
2019-09-25T16:00:00,SysClient0053.systemia.com,10.228710174560547,28.56949806213379,0,"('file', 0.059037793427705765)"
2019-09-25T16:00:00,SysClient0057.systemia.com,10.490243911743164,28.56949806213379,0,"('file', 0.059685736894607544)"
2019-09-25T16:00:00,SysClient0055.systemia.com,4.136747360229492,28.56949806213379,0,"('file', 0.046937208622694016)"
2019-09-25T16:00:00,SysClient0065.systemia.com,4.5472002029418945,28.56949806213379,0,"('network', 0.04392081871628761)"
2019-09-25T16:00:00,SysClient0070.systemia.com,11.284340858459473,28.56949806213379,0,"('file', 0.061584677547216415)"
2019-09-25T16:00:00,SysClient0056.systemia.com,9.665602684020996,28.56949806213379,0,"('file', 0.057515159249305725)"
2019-09-25T16:00:00,SysClient0072.systemia.com,10.770772933959961,28.56949806213379,0,"('file', 0.06036653369665146)"
2019-09-25T16:00:00,SysClient0058.systemia.com,11.065741539001465,28.56949806213379,0,"('file', 0.061070144176483154)"
2019-09-25T16:00:00,SysClient0062.systemia.com,11.226716995239258,28.56949806213379,0,"('file', 0.06144988164305687)"
2019-09-25T16:00:00,SysClient0052.systemia.com,2.187716007232666,28.56949806213379,0,"('network', 0.04184528812766075)"
2019-09-25T16:15:00,SysClient0067.systemia.com,8.15014934539795,28.56949806213379,0,"('file', 0.05269722640514374)"
2019-09-25T16:15:00,SysClient0058.systemia.com,12.101818084716797,28.56949806213379,0,"('file', 0.0639028325676918)"
2019-09-25T16:15:00,SysClient0066.systemia.com,11.47216796875,28.56949806213379,0,"('file', 0.06201857328414917)"
2019-09-25T16:15:00,SysClient0073.systemia.com,12.375251770019531,28.56949806213379,0,"('file', 0.06500755250453949)"
2019-09-25T16:15:00,SysClient0069.systemia.com,10.292346954345703,28.56949806213379,0,"('file', 0.05919300392270088)"
2019-09-25T16:15:00,SysClient0060.systemia.com,9.809358596801758,28.56949806213379,0,"('file', 0.0579298697412014)"
2019-09-25T16:15:00,SysClient0065.systemia.com,4.841135025024414,28.56949806213379,0,"('network', 0.04411373659968376)"
2019-09-25T16:15:00,SysClient0075.systemia.com,6.879718780517578,28.56949806213379,0,"('file', 0.050996892154216766)"
2019-09-25T16:15:00,SysClient0051.systemia.com,11.916038513183594,28.56949806213379,0,"('file', 0.06312055140733719)"
2019-09-25T16:15:00,SysClient0074.systemia.com,12.898394584655762,28.56949806213379,0,"('file', 0.06707895547151566)"
2019-09-25T16:15:00,SysClient0071.systemia.com,12.554981231689453,28.56949806213379,0,"('file', 0.06573033332824707)"
2019-09-25T16:15:00,SysClient0070.systemia.com,12.561708450317383,28.56949806213379,0,"('file', 0.06576266139745712)"
2019-09-25T16:15:00,SysClient0068.systemia.com,8.924272537231445,28.56949806213379,0,"('file', 0.05524842441082001)"
2019-09-25T16:15:00,SysClient0061.systemia.com,3.6636760234832764,28.56949806213379,0,"('file', 0.04603290185332298)"
2019-09-25T16:15:00,SysClient0063.systemia.com,7.3842668533325195,28.56949806213379,0,"('file', 0.051622264087200165)"
2019-09-25T16:15:00,SysClient0072.systemia.com,12.23299789428711,28.56949806213379,0,"('file', 0.06443673372268677)"
2019-09-25T16:15:00,SysClient0064.systemia.com,7.577622890472412,28.56949806213379,0,"('file', 0.051848672330379486)"
2019-09-25T16:15:00,SysClient0055.systemia.com,2.0076019763946533,28.56949806213379,0,"('file', 0.04187949374318123)"
2019-09-25T16:15:00,SysClient0054.systemia.com,6.346549987792969,28.56949806213379,0,"('file', 0.05031264200806618)"
2019-09-25T16:15:00,SysClient0059.systemia.com,3.251190185546875,28.56949806213379,0,"('file', 0.04517866671085358)"
2019-09-25T16:15:00,SysClient0052.systemia.com,4.9266228675842285,28.56949806213379,0,"('file', 0.048260487616062164)"
2019-09-25T16:15:00,SysClient0057.systemia.com,5.530794143676758,28.56949806213379,0,"('file', 0.04918139800429344)"
2019-09-25T16:15:00,SysClient0056.systemia.com,10.91807746887207,28.56949806213379,0,"('file', 0.0607198104262352)"
2019-09-25T16:15:00,SysClient0062.systemia.com,12.294278144836426,28.56949806213379,0,"('file', 0.06468480825424194)"
2019-09-25T16:15:00,SysClient0053.systemia.com,12.223806381225586,28.56949806213379,0,"('file', 0.06440088897943497)"
2019-09-25T16:30:00,SysClient0064.systemia.com,12.027090072631836,28.56949806213379,0,"('file', 0.06359456479549408)"
2019-09-25T16:30:00,SysClient0070.systemia.com,6.705206871032715,28.56949806213379,0,"('file', 0.050781190395355225)"
2019-09-25T16:30:00,SysClient0058.systemia.com,4.049048900604248,28.56949806213379,0,"('file', 0.04676656797528267)"
2019-09-25T16:30:00,SysClient0051.systemia.com,11.424030303955078,28.56949806213379,0,"('file', 0.06190696358680725)"
2019-09-25T16:30:00,SysClient0073.systemia.com,6.788537979125977,28.56949806213379,0,"('file', 0.05088953673839569)"
2019-09-25T16:30:00,SysClient0067.systemia.com,11.137746810913086,28.56949806213379,0,"('file', 0.06123741343617439)"
2019-09-25T16:30:00,SysClient0071.systemia.com,8.391937255859375,28.56949806213379,0,"('file', 0.0535169392824173)"
2019-09-25T16:30:00,SysClient0072.systemia.com,10.794782638549805,28.56949806213379,0,"('file', 0.06042317673563957)"
2019-09-25T16:30:00,SysClient0065.systemia.com,6.5138258934021,28.56949806213379,0,"('network', 0.045073412358760834)"
2019-09-25T16:30:00,SysClient0066.systemia.com,8.465426445007324,28.56949806213379,0,"('file', 0.05375870317220688)"
2019-09-25T16:30:00,SysClient0059.systemia.com,5.7434000968933105,28.56949806213379,0,"('file', 0.04948924481868744)"
2019-09-25T16:30:00,SysClient0053.systemia.com,7.220408916473389,28.56949806213379,0,"('file', 0.051423486322164536)"
2019-09-25T16:30:00,SysClient0075.systemia.com,10.122993469238281,28.56949806213379,0,"('file', 0.05877262353897095)"
2019-09-25T16:30:00,SysClient0069.systemia.com,10.550087928771973,28.56949806213379,0,"('file', 0.059828225523233414)"
2019-09-25T16:30:00,SysClient0074.systemia.com,4.7106099128723145,28.56949806213379,0,"('file', 0.047917596995830536)"
2019-09-25T16:30:00,SysClient0061.systemia.com,1.49232017993927,28.56949806213379,0,"('file', 0.039926666766405106)"
2019-09-25T16:30:00,SysClient0063.systemia.com,2.2433156967163086,28.56949806213379,0,"('file', 0.042631689459085464)"
2019-09-25T16:30:00,SysClient0052.systemia.com,12.75376033782959,28.56949806213379,0,"('file', 0.06651621311903)"
2019-09-25T16:30:00,SysClient0057.systemia.com,6.437556266784668,28.56949806213379,0,"('file', 0.050431687384843826)"
2019-09-25T16:30:00,SysClient0060.systemia.com,7.604137897491455,28.56949806213379,0,"('file', 0.051886435598134995)"
2019-09-25T16:30:00,SysClient0055.systemia.com,3.8776607513427734,28.56949806213379,0,"('file', 0.04645741730928421)"
2019-09-25T16:30:00,SysClient0062.systemia.com,11.622759819030762,28.56949806213379,0,"('file', 0.06236444413661957)"
2019-09-25T16:30:00,SysClient0056.systemia.com,6.768519878387451,28.56949806213379,0,"('file', 0.05086234584450722)"
2019-09-25T16:30:00,SysClient0054.systemia.com,10.730161666870117,28.56949806213379,0,"('file', 0.06026958301663399)"
2019-09-25T16:30:00,SysClient0068.systemia.com,12.54612922668457,28.56949806213379,0,"('file', 0.06567110121250153)"
2019-09-25T16:45:00,SysClient0073.systemia.com,8.57158374786377,28.56949806213379,0,"('file', 0.054108865559101105)"
2019-09-25T16:45:00,SysClient0065.systemia.com,4.337386131286621,28.56949806213379,0,"('network', 0.043780576437711716)"
2019-09-25T16:45:00,SysClient0058.systemia.com,11.290000915527344,28.56949806213379,0,"('file', 0.06159781664609909)"
2019-09-25T16:45:00,SysClient0052.systemia.com,11.898902893066406,28.56949806213379,0,"('file', 0.06306908279657364)"
2019-09-25T16:45:00,SysClient0071.systemia.com,11.726332664489746,28.56949806213379,0,"('file', 0.06259838491678238)"
2019-09-25T16:45:00,SysClient0056.systemia.com,2.7284364700317383,28.56949806213379,0,"('file', 0.04395608603954315)"
2019-09-25T16:45:00,SysClient0059.systemia.com,5.351060390472412,28.56949806213379,0,"('file', 0.04892006516456604)"
2019-09-25T16:45:00,SysClient0064.systemia.com,11.020872116088867,28.56949806213379,0,"('file', 0.060965798795223236)"
2019-09-25T16:45:00,SysClient0067.systemia.com,8.583368301391602,28.56949806213379,0,"('file', 0.05414509028196335)"
2019-09-25T16:45:00,SysClient0053.systemia.com,8.859014511108398,28.56949806213379,0,"('file', 0.05503426492214203)"
2019-09-25T16:45:00,SysClient0072.systemia.com,8.924251556396484,28.56949806213379,0,"('file', 0.055243127048015594)"
2019-09-25T16:45:00,SysClient0051.systemia.com,12.064072608947754,28.56949806213379,0,"('file', 0.06374448537826538)"
2019-09-25T16:45:00,SysClient0063.systemia.com,4.2280707359313965,28.56949806213379,0,"('file', 0.04709380865097046)"
2019-09-25T16:45:00,SysClient0070.systemia.com,11.644158363342285,28.56949806213379,0,"('file', 0.062409963458776474)"
2019-09-25T16:45:00,SysClient0075.systemia.com,8.733551979064941,28.56949806213379,0,"('file', 0.054640840739011765)"
2019-09-25T16:45:00,SysClient0060.systemia.com,4.571446895599365,28.56949806213379,0,"('file', 0.04768391698598862)"
2019-09-25T16:45:00,SysClient0074.systemia.com,11.752059936523438,28.56949806213379,0,"('file', 0.06265975534915924)"
2019-09-25T16:45:00,SysClient0057.systemia.com,9.68562126159668,28.56949806213379,0,"('file', 0.0575721301138401)"
2019-09-25T16:45:00,SysClient0066.systemia.com,11.178773880004883,28.56949806213379,0,"('file', 0.061337582767009735)"
2019-09-25T16:45:00,SysClient0069.systemia.com,11.253223419189453,28.56949806213379,0,"('file', 0.06150801479816437)"
2019-09-25T16:45:00,SysClient0061.systemia.com,0.07959753274917603,28.56949806213379,0,"('file', 0.0005832734750583768)"
2019-09-25T16:45:00,SysClient0054.systemia.com,11.046256065368652,28.56949806213379,0,"('network', 0.04702158644795418)"
2019-09-25T16:45:00,SysClient0062.systemia.com,11.664091110229492,28.56949806213379,0,"('file', 0.06245540454983711)"
2019-09-25T16:45:00,SysClient0068.systemia.com,11.670291900634766,28.56949806213379,0,"('file', 0.062472909688949585)"
2019-09-25T16:45:00,SysClient0055.systemia.com,6.061506271362305,28.56949806213379,0,"('file', 0.0499362088739872)"
2019-09-25T17:00:00,SysClient0073.systemia.com,11.514389991760254,28.56949806213379,0,"('file', 0.062117092311382294)"
2019-09-25T17:00:00,SysClient0070.systemia.com,8.460521697998047,28.56949806213379,0,"('file', 0.053747180849313736)"
2019-09-25T17:00:00,SysClient0067.systemia.com,11.253239631652832,28.56949806213379,0,"('file', 0.06151242181658745)"
2019-09-25T17:00:00,SysClient0056.systemia.com,10.21873664855957,28.56949806213379,0,"('file', 0.05901340767741203)"
2019-09-25T17:00:00,SysClient0053.systemia.com,11.353711128234863,28.56949806213379,0,"('file', 0.061746738851070404)"
2019-09-25T17:00:00,SysClient0064.systemia.com,9.508973121643066,28.56949806213379,0,"('file', 0.057045575231313705)"
2019-09-25T17:00:00,SysClient0074.systemia.com,10.967911720275879,28.56949806213379,0,"('file', 0.06083660200238228)"
2019-09-25T17:00:00,SysClient0066.systemia.com,6.771646976470947,28.56949806213379,0,"('file', 0.05086599290370941)"
2019-09-25T17:00:00,SysClient0071.systemia.com,6.094784736633301,28.56949806213379,0,"('file', 0.04997839033603668)"
2019-09-25T17:00:00,SysClient0060.systemia.com,5.693572998046875,28.56949806213379,0,"('file', 0.04942021518945694)"
2019-09-25T17:00:00,SysClient0065.systemia.com,5.069320201873779,28.56949806213379,0,"('network', 0.0442553386092186)"
2019-09-25T17:00:00,SysClient0059.systemia.com,9.494306564331055,28.56949806213379,0,"('file', 0.05700407922267914)"
2019-09-25T17:00:00,SysClient0061.systemia.com,1.5619169473648071,28.56949806213379,0,"('file', 0.040230169892311096)"
2019-09-25T17:00:00,SysClient0072.systemia.com,6.9846720695495605,28.56949806213379,0,"('file', 0.05113620311021805)"
2019-09-25T17:00:00,SysClient0051.systemia.com,2.4172146320343018,28.56949806213379,0,"('file', 0.043134547770023346)"
2019-09-25T17:00:00,SysClient0058.systemia.com,10.528106689453125,28.56949806213379,0,"('file', 0.05977817624807358)"
2019-09-25T17:00:00,SysClient0069.systemia.com,7.024998664855957,28.56949806213379,0,"('file', 0.0511733703315258)"
2019-09-25T17:00:00,SysClient0075.systemia.com,8.401107788085938,28.56949806213379,0,"('file', 0.05354856327176094)"
2019-09-25T17:00:00,SysClient0057.systemia.com,9.651865005493164,28.56949806213379,0,"('file', 0.057474229484796524)"
2019-09-25T17:00:00,SysClient0052.systemia.com,11.380127906799316,28.56949806213379,0,"('file', 0.06180714815855026)"
2019-09-25T17:00:00,SysClient0063.systemia.com,4.456378936767578,28.56949806213379,0,"('file', 0.04749705642461777)"
2019-09-25T17:00:00,SysClient0062.systemia.com,4.682449817657471,28.56949806213379,0,"('file', 0.047870732843875885)"
2019-09-25T17:00:00,SysClient0054.systemia.com,7.818002700805664,28.56949806213379,0,"('file', 0.05213383212685585)"
2019-09-25T17:00:00,SysClient0068.systemia.com,6.2909393310546875,28.56949806213379,0,"('file', 0.05024286359548569)"
2019-09-25T17:00:00,SysClient0055.systemia.com,5.703986167907715,28.56949806213379,0,"('file', 0.04943518340587616)"
2019-09-25T17:15:00,SysClient0073.systemia.com,13.329723358154297,28.56949806213379,0,"('file', 0.06873461604118347)"
2019-09-25T17:15:00,SysClient0069.systemia.com,12.522433280944824,28.56949806213379,0,"('file', 0.0656001940369606)"
2019-09-25T17:15:00,SysClient0051.systemia.com,13.071798324584961,28.56949806213379,0,"('file', 0.06773841381072998)"
2019-09-25T17:15:00,SysClient0060.systemia.com,8.184859275817871,28.56949806213379,0,"('file', 0.05281095206737518)"
2019-09-25T17:15:00,SysClient0064.systemia.com,12.547525405883789,28.56949806213379,0,"('file', 0.0656900554895401)"
2019-09-25T17:15:00,SysClient0072.systemia.com,12.054787635803223,28.56949806213379,0,"('file', 0.0637015700340271)"
2019-09-25T17:15:00,SysClient0056.systemia.com,9.093279838562012,28.56949806213379,0,"('file', 0.055776022374629974)"
2019-09-25T17:15:00,SysClient0074.systemia.com,12.803220748901367,28.56949806213379,0,"('file', 0.06670382618904114)"
2019-09-25T17:15:00,SysClient0067.systemia.com,13.25068473815918,28.56949806213379,0,"('file', 0.06844106316566467)"
2019-09-25T17:15:00,SysClient0071.systemia.com,13.021879196166992,28.56949806213379,0,"('file', 0.06755725294351578)"
2019-09-25T17:15:00,SysClient0059.systemia.com,3.5879669189453125,28.56949806213379,0,"('file', 0.04588404670357704)"
2019-09-25T17:15:00,SysClient0062.systemia.com,14.76478099822998,28.56949806213379,0,"('file', 0.0739375427365303)"
2019-09-25T17:15:00,SysClient0053.systemia.com,13.215147972106934,28.56949806213379,0,"('file', 0.06830405443906784)"
2019-09-25T17:15:00,SysClient0058.systemia.com,13.437159538269043,28.56949806213379,0,"('file', 0.06914641708135605)"
2019-09-25T17:15:00,SysClient0070.systemia.com,13.233644485473633,28.56949806213379,0,"('file', 0.06837466359138489)"
2019-09-25T17:15:00,SysClient0057.systemia.com,10.739118576049805,28.56949806213379,0,"('file', 0.060285162180662155)"
2019-09-25T17:15:00,SysClient0065.systemia.com,2.4909534454345703,28.56949806213379,0,"('network', 0.042192019522190094)"
2019-09-25T17:15:00,SysClient0075.systemia.com,9.183903694152832,28.56949806213379,0,"('file', 0.05604446679353714)"
2019-09-25T17:15:00,SysClient0052.systemia.com,13.295544624328613,28.56949806213379,0,"('file', 0.06860481947660446)"
2019-09-25T17:15:00,SysClient0063.systemia.com,8.536792755126953,28.56949806213379,0,"('file', 0.05399387329816818)"
2019-09-25T17:15:00,SysClient0066.systemia.com,12.963662147521973,28.56949806213379,0,"('file', 0.06733386963605881)"
2019-09-25T17:15:00,SysClient0068.systemia.com,13.305965423583984,28.56949806213379,0,"('file', 0.06865077465772629)"
2019-09-25T17:15:00,SysClient0054.systemia.com,11.283889770507812,28.56949806213379,0,"('file', 0.061572570353746414)"
2019-09-25T17:15:00,SysClient0055.systemia.com,0.44448575377464294,28.56949806213379,0,"('network', 0.03563757240772247)"
2019-09-25T17:15:00,SysClient0061.systemia.com,6.594117164611816,28.56949806213379,0,"('file', 0.05063115432858467)"
2019-09-25T17:30:00,SysClient0060.systemia.com,8.371500015258789,28.56949806213379,0,"('file', 0.053450897336006165)"
2019-09-25T17:30:00,SysClient0072.systemia.com,11.272255897521973,28.56949806213379,0,"('file', 0.06155449151992798)"
2019-09-25T17:30:00,SysClient0064.systemia.com,11.563631057739258,28.56949806213379,0,"('file', 0.062228232622146606)"
2019-09-25T17:30:00,SysClient0058.systemia.com,12.856679916381836,28.56949806213379,0,"('file', 0.0668855533003807)"
2019-09-25T17:30:00,SysClient0073.systemia.com,10.979454040527344,28.56949806213379,0,"('file', 0.060865435749292374)"
2019-09-25T17:30:00,SysClient0069.systemia.com,11.750927925109863,28.56949806213379,0,"('file', 0.06265419721603394)"
2019-09-25T17:30:00,SysClient0053.systemia.com,11.008365631103516,28.56949806213379,0,"('file', 0.06093360856175423)"
2019-09-25T17:30:00,SysClient0071.systemia.com,11.13982105255127,28.56949806213379,0,"('file', 0.06124408543109894)"
2019-09-25T17:30:00,SysClient0067.systemia.com,10.429763793945312,28.56949806213379,0,"('file', 0.059535179287195206)"
2019-09-25T17:30:00,SysClient0063.systemia.com,7.449657440185547,28.56949806213379,0,"('file', 0.05170096829533577)"
2019-09-25T17:30:00,SysClient0051.systemia.com,67.32792663574219,28.56949806213379,1,"('network', 0.06294960528612137)"
2019-09-25T17:30:00,SysClient0059.systemia.com,7.333333492279053,28.56949806213379,0,"('file', 0.05156159773468971)"
2019-09-25T17:30:00,SysClient0055.systemia.com,4.196246147155762,28.56949806213379,0,"('file', 0.047041937708854675)"
2019-09-25T17:30:00,SysClient0062.systemia.com,12.14896011352539,28.56949806213379,0,"('file', 0.06409969925880432)"
2019-09-25T17:30:00,SysClient0070.systemia.com,10.715368270874023,28.56949806213379,0,"('file', 0.06023054197430611)"
2019-09-25T17:30:00,SysClient0074.systemia.com,11.634859085083008,28.56949806213379,0,"('file', 0.06239277496933937)"
2019-09-25T17:30:00,SysClient0056.systemia.com,10.67467212677002,28.56949806213379,0,"('file', 0.06013183295726776)"
2019-09-25T17:30:00,SysClient0065.systemia.com,5.772043228149414,28.56949806213379,0,"('network', 0.04468299448490143)"
2019-09-25T17:30:00,SysClient0075.systemia.com,9.973944664001465,28.56949806213379,0,"('file', 0.0583956204354763)"
2019-09-25T17:30:00,SysClient0057.systemia.com,9.246284484863281,28.56949806213379,0,"('file', 0.056248489767313004)"
2019-09-25T17:30:00,SysClient0052.systemia.com,11.997504234313965,28.56949806213379,0,"('file', 0.06347312033176422)"
2019-09-25T17:30:00,SysClient0066.systemia.com,11.045952796936035,28.56949806213379,0,"('file', 0.06102144718170166)"
2019-09-25T17:30:00,SysClient0068.systemia.com,11.489689826965332,28.56949806213379,0,"('file', 0.062057219445705414)"
2019-09-25T17:30:00,SysClient0054.systemia.com,11.024738311767578,28.56949806213379,0,"('file', 0.06097407266497612)"
2019-09-25T17:30:00,SysClient0061.systemia.com,2.8473682403564453,28.56949806213379,0,"('file', 0.04425831884145737)"
2019-09-25T17:45:00,SysClient0073.systemia.com,8.46634292602539,28.56949806213379,0,"('file', 0.05376141890883446)"
2019-09-25T17:45:00,SysClient0063.systemia.com,4.780994892120361,28.56949806213379,0,"('file', 0.04802907630801201)"
2019-09-25T17:45:00,SysClient0054.systemia.com,4.771491527557373,28.56949806213379,0,"('file', 0.04801233857870102)"
2019-09-25T17:45:00,SysClient0067.systemia.com,3.875746250152588,28.56949806213379,0,"('file', 0.04644590616226196)"
2019-09-25T17:45:00,SysClient0072.systemia.com,9.909608840942383,28.56949806213379,0,"('file', 0.058217667043209076)"
2019-09-25T17:45:00,SysClient0068.systemia.com,6.810765266418457,28.56949806213379,0,"('file', 0.05091363191604614)"
2019-09-25T17:45:00,SysClient0060.systemia.com,8.533835411071777,28.56949806213379,0,"('file', 0.053983550518751144)"
2019-09-25T17:45:00,SysClient0053.systemia.com,9.049981117248535,28.56949806213379,0,"('file', 0.05563729628920555)"
2019-09-25T17:45:00,SysClient0069.systemia.com,7.302783489227295,28.56949806213379,0,"('file', 0.05152116343379021)"
2019-09-25T17:45:00,SysClient0074.systemia.com,10.190984725952148,28.56949806213379,0,"('file', 0.05893942713737488)"
2019-09-25T17:45:00,SysClient0065.systemia.com,3.9831702709198,28.56949806213379,0,"('network', 0.04352771118283272)"
2019-09-25T17:45:00,SysClient0066.systemia.com,9.763328552246094,28.56949806213379,0,"('file', 0.057798370718955994)"
2019-09-25T17:45:00,SysClient0071.systemia.com,10.519815444946289,28.56949806213379,0,"('file', 0.059750042855739594)"
2019-09-25T17:45:00,SysClient0062.systemia.com,8.636603355407715,28.56949806213379,0,"('file', 0.05431903526186943)"
2019-09-25T17:45:00,SysClient0064.systemia.com,8.600188255310059,28.56949806213379,0,"('file', 0.05420322343707085)"
2019-09-25T17:45:00,SysClient0070.systemia.com,9.083564758300781,28.56949806213379,0,"('file', 0.05574225261807442)"
2019-09-25T17:45:00,SysClient0056.systemia.com,5.83178186416626,28.56949806213379,0,"('file', 0.04961172491312027)"
2019-09-25T17:45:00,SysClient0058.systemia.com,8.729543685913086,28.56949806213379,0,"('file', 0.05462680757045746)"
2019-09-25T17:45:00,SysClient0055.systemia.com,1.9511501789093018,28.56949806213379,0,"('file', 0.041703738272190094)"
2019-09-25T17:45:00,SysClient0059.systemia.com,2.401583671569824,28.56949806213379,0,"('file', 0.04309022054076195)"
2019-09-25T17:45:00,SysClient0075.systemia.com,4.611260890960693,28.56949806213379,0,"('file', 0.04775403067469597)"
2019-09-25T17:45:00,SysClient0061.systemia.com,1.0514041185379028,28.56949806213379,0,"('file', 0.03757463023066521)"
2019-09-25T17:45:00,SysClient0052.systemia.com,11.164206504821777,28.56949806213379,0,"('file', 0.061293844133615494)"
2019-09-25T17:45:00,SysClient0057.systemia.com,9.910303115844727,28.56949806213379,0,"('file', 0.05822499841451645)"
2019-09-25T17:45:00,SysClient0051.systemia.com,1.8254437446594238,28.56949806213379,0,"('network', 0.12713059782981873)"
2019-09-25T18:00:00,SysClient0066.systemia.com,21.72323989868164,28.56949806213379,0,"('network', 0.05056586116552353)"
2019-09-25T18:00:00,SysClient0051.systemia.com,72.80570220947266,28.56949806213379,1,"('network', 0.06394708156585693)"
2019-09-25T18:00:00,SysClient0067.systemia.com,15.771586418151855,28.56949806213379,0,"('network', 0.04860547557473183)"
2019-09-25T18:00:00,SysClient0060.systemia.com,25.995441436767578,28.56949806213379,0,"('network', 0.05224420502781868)"
2019-09-25T18:00:00,SysClient0073.systemia.com,19.247779846191406,28.56949806213379,0,"('network', 0.04964973032474518)"
2019-09-25T18:00:00,SysClient0054.systemia.com,5.231544494628906,28.56949806213379,0,"('network', 0.04446253553032875)"
2019-09-25T18:00:00,SysClient0058.systemia.com,19.713504791259766,28.56949806213379,0,"('network', 0.049828119575977325)"
2019-09-25T18:00:00,SysClient0074.systemia.com,32.57665252685547,28.56949806213379,1,"('network', 0.05452143773436546)"
2019-09-25T18:00:00,SysClient0055.systemia.com,52.05979919433594,28.56949806213379,1,"('network', 0.05973315238952637)"
2019-09-25T18:00:00,SysClient0071.systemia.com,19.836610794067383,28.56949806213379,0,"('network', 0.0498787946999073)"
2019-09-25T18:00:00,SysClient0070.systemia.com,20.195751190185547,28.56949806213379,0,"('network', 0.05003197118639946)"
2019-09-25T18:00:00,SysClient0072.systemia.com,20.965240478515625,28.56949806213379,0,"('network', 0.05028648301959038)"
2019-09-25T18:00:00,SysClient0056.systemia.com,36.095455169677734,28.56949806213379,1,"('network', 0.05558886379003525)"
2019-09-25T18:00:00,SysClient0061.systemia.com,20.886714935302734,28.56949806213379,0,"('network', 0.05027177557349205)"
2019-09-25T18:00:00,SysClient0063.systemia.com,21.68836784362793,28.56949806213379,0,"('network', 0.05054548755288124)"
2019-09-25T18:00:00,SysClient0069.systemia.com,1.2230756282806396,28.56949806213379,0,"('network', 0.04016575589776039)"
2019-09-25T18:00:00,SysClient0062.systemia.com,20.307628631591797,28.56949806213379,0,"('network', 0.05005969479680061)"
2019-09-25T18:00:00,SysClient0059.systemia.com,20.68593978881836,28.56949806213379,0,"('network', 0.05022376775741577)"
2019-09-25T18:00:00,SysClient0068.systemia.com,13.70556640625,28.56949806213379,0,"('network', 0.04796481132507324)"
2019-09-25T18:00:00,SysClient0065.systemia.com,42.98542785644531,28.56949806213379,1,"('network', 0.05743398144841194)"
2019-09-25T18:00:00,SysClient0064.systemia.com,21.992530822753906,28.56949806213379,0,"('network', 0.05065269395709038)"
2019-09-25T18:00:00,SysClient0053.systemia.com,18.77761459350586,28.56949806213379,0,"('network', 0.04946405068039894)"
2019-09-25T18:00:00,SysClient0075.systemia.com,24.934053421020508,28.56949806213379,0,"('network', 0.05185968428850174)"
2019-09-25T18:00:00,SysClient0057.systemia.com,3.666876792907715,28.56949806213379,0,"('network', 0.043325718492269516)"
2019-09-25T18:00:00,SysClient0052.systemia.com,16.5855712890625,28.56949806213379,0,"('network', 0.04883144423365593)"
2019-09-25T18:15:00,SysClient0059.systemia.com,0.06430940330028534,28.56949806213379,0,"('process', 0.0)"
2019-09-25T18:15:00,SysClient0061.systemia.com,1.4639813899993896,28.56949806213379,0,"('network', 0.04059065133333206)"
2019-09-25T18:15:00,SysClient0051.systemia.com,39.920433044433594,28.56949806213379,1,"('network', 0.056643106043338776)"
2019-09-25T18:15:00,SysClient0062.systemia.com,0.21927247941493988,28.56949806213379,0,"('network', 0.03090563789010048)"
2019-09-25T18:15:00,SysClient0074.systemia.com,22.669143676757812,28.56949806213379,0,"('network', 0.050914015620946884)"
2019-09-25T18:15:00,SysClient0067.systemia.com,0.11745903640985489,28.56949806213379,0,"('file', 0.012223058380186558)"
2019-09-25T18:15:00,SysClient0055.systemia.com,3.17679762840271,28.56949806213379,0,"('network', 0.04287366941571236)"
2019-09-25T18:15:00,SysClient0075.systemia.com,14.758996963500977,28.56949806213379,0,"('file', 0.0787755623459816)"
2019-09-25T18:15:00,SysClient0065.systemia.com,1.0956411361694336,28.56949806213379,0,"('network', 0.03949479013681412)"
2019-09-25T18:15:00,SysClient0073.systemia.com,0.09677452594041824,28.56949806213379,0,"('file', 0.007153238635510206)"
2019-09-25T18:15:00,SysClient0057.systemia.com,0.055695541203022,28.56949806213379,0,"('network', 0.011103438213467598)"
2019-09-25T18:15:00,SysClient0058.systemia.com,0.5158467292785645,28.56949806213379,0,"('file', 0.03230034559965134)"
2019-09-25T18:15:00,SysClient0066.systemia.com,14.860309600830078,28.56949806213379,0,"('file', 0.08649275451898575)"
2019-09-25T18:15:00,SysClient0052.systemia.com,4.0079216957092285,28.56949806213379,0,"('file', 0.04670731723308563)"
2019-09-25T18:15:00,SysClient0063.systemia.com,9.479637145996094,28.56949806213379,0,"('network', 0.04640137404203415)"
2019-09-25T18:15:00,SysClient0070.systemia.com,5.593118667602539,28.56949806213379,0,"('file', 0.049269549548625946)"
2019-09-25T18:15:00,SysClient0056.systemia.com,6.546642303466797,28.56949806213379,0,"('network', 0.045085132122039795)"
2019-09-25T18:15:00,SysClient0071.systemia.com,7.018660545349121,28.56949806213379,0,"('network', 0.04531777277588844)"
2019-09-25T18:15:00,SysClient0072.systemia.com,1.142978310585022,28.56949806213379,0,"('file', 0.038160983473062515)"
2019-09-25T18:15:00,SysClient0069.systemia.com,4.8318681716918945,28.56949806213379,0,"('file', 0.04811011627316475)"
2019-09-25T18:15:00,SysClient0054.systemia.com,3.353222131729126,28.56949806213379,0,"('network', 0.04303125664591789)"
2019-09-25T18:15:00,SysClient0053.systemia.com,0.7094069719314575,28.56949806213379,0,"('network', 0.0377788171172142)"
2019-09-25T18:15:00,SysClient0064.systemia.com,9.390349388122559,28.56949806213379,0,"('network', 0.046363525092601776)"
2019-09-25T18:15:00,SysClient0060.systemia.com,2.6487576961517334,28.56949806213379,0,"('network', 0.04237053170800209)"
2019-09-25T18:15:00,SysClient0068.systemia.com,0.413564532995224,28.56949806213379,0,"('file', 0.03032802976667881)"
2019-09-25T18:30:00,SysClient0058.systemia.com,4.245388507843018,28.56949806213379,0,"('file', 0.04714267700910568)"
2019-09-25T18:30:00,SysClient0070.systemia.com,4.836722373962402,28.56949806213379,0,"('file', 0.04811787232756615)"
2019-09-25T18:30:00,SysClient0059.systemia.com,8.47223949432373,28.56949806213379,0,"('file', 0.05379658564925194)"
2019-09-25T18:30:00,SysClient0064.systemia.com,2.5872013568878174,28.56949806213379,0,"('file', 0.043610524386167526)"
2019-09-25T18:30:00,SysClient0060.systemia.com,8.185354232788086,28.56949806213379,0,"('file', 0.05283694714307785)"
2019-09-25T18:30:00,SysClient0072.systemia.com,8.724148750305176,28.56949806213379,0,"('file', 0.05462314188480377)"
2019-09-25T18:30:00,SysClient0062.systemia.com,0.616321325302124,28.56949806213379,0,"('file', 0.03370348736643791)"
2019-09-25T18:30:00,SysClient0068.systemia.com,8.074763298034668,28.56949806213379,0,"('file', 0.05245082452893257)"
2019-09-25T18:30:00,SysClient0075.systemia.com,9.58909797668457,28.56949806213379,0,"('file', 0.05729973688721657)"
2019-09-25T18:30:00,SysClient0052.systemia.com,9.1778564453125,28.56949806213379,0,"('file', 0.05605895817279816)"
2019-09-25T18:30:00,SysClient0061.systemia.com,8.701227188110352,28.56949806213379,0,"('file', 0.05455271899700165)"
2019-09-25T18:30:00,SysClient0067.systemia.com,9.090630531311035,28.56949806213379,0,"('file', 0.05578736588358879)"
2019-09-25T18:30:00,SysClient0065.systemia.com,5.822391033172607,28.56949806213379,0,"('file', 0.04959968104958534)"
2019-09-25T18:30:00,SysClient0066.systemia.com,10.554603576660156,28.56949806213379,0,"('file', 0.05985414609313011)"
2019-09-25T18:30:00,SysClient0071.systemia.com,8.420377731323242,28.56949806213379,0,"('file', 0.05363275855779648)"
2019-09-25T18:30:00,SysClient0054.systemia.com,9.05167293548584,28.56949806213379,0,"('file', 0.055664803832769394)"
2019-09-25T18:30:00,SysClient0056.systemia.com,8.34872817993164,28.56949806213379,0,"('file', 0.053390439599752426)"
2019-09-25T18:30:00,SysClient0051.systemia.com,0.09167099744081497,28.56949806213379,0,"('network', 0.02219655178487301)"
2019-09-25T18:30:00,SysClient0055.systemia.com,8.869769096374512,28.56949806213379,0,"('file', 0.0550929419696331)"
2019-09-25T18:30:00,SysClient0074.systemia.com,9.411626815795898,28.56949806213379,0,"('file', 0.056770022958517075)"
2019-09-25T18:30:00,SysClient0063.systemia.com,2.3256912231445312,28.56949806213379,0,"('file', 0.04288715124130249)"
2019-09-25T18:30:00,SysClient0073.systemia.com,12.351921081542969,28.56949806213379,0,"('file', 0.06492853164672852)"
2019-09-25T18:30:00,SysClient0053.systemia.com,8.717875480651855,28.56949806213379,0,"('file', 0.054605331271886826)"
2019-09-25T18:30:00,SysClient0057.systemia.com,8.438154220581055,28.56949806213379,0,"('file', 0.05368278920650482)"
2019-09-25T18:30:00,SysClient0069.systemia.com,7.679239749908447,28.56949806213379,0,"('file', 0.05195831507444382)"
